Year,Month,CO2_Concentration_ppm,CH4_Concentration_ppb,N2O_Concentration_ppb,Temperature_Anomaly_C,Renewable_Energy_Usage_Percentage,Fossil_Energy_Usage_Percentage,Forest_Area_Hectares,Natural_Disasters_Count,Glacier_Melting_Rate_km2
2000,1,371.8073147838012,1805.8438889686417,311.2777189077033,0.5684336654436452,21.80081601018383,79.75590614214944,4019384.6768981544,6,44.367102461583116
2000,2,372.13901434366807,1806.7545012701762,310.1658146769571,0.5719523221701025,20.16839662137336,78.72923194596957,3958443.506863001,5,45.78890289095703
2000,3,372.219150991936,1810.477283726438,310.6393194259346,0.6114706859627943,19.013377138195786,79.35022509495961,3934325.5508685578,5,46.85399813216491
2000,4,371.84687025851065,1805.5303405923896,310.4410005460584,0.6655753007328891,18.127525022298208,81.86572606287989,3920319.7459208323,5,49.79333570610146
2000,5,370.6692588167074,1797.9852363498894,309.64578858232704,0.5796218430331023,17.43912355930369,82.22050719564645,3929063.340535343,4,54.65418661320058
2000,6,369.8304419327395,1795.5164086738162,310.27535108021004,0.5274054394479412,17.794075805927573,81.29946809541788,3956244.5583288698,4,56.79671433100558
2000,7,369.61121509150786,1800.4128383821114,309.11521859370976,0.41210752739916456,18.51280708619996,82.87996780871347,4017961.6029475033,4,55.618267711362726
2000,8,369.32461238406876,1792.8379071532217,309.28589236615454,0.4858271947791045,20.088125734572813,81.8224846825682,4042491.0214724625,4,57.893235683342475
2000,9,369.48873264117276,1802.6836344157307,309.5750197307363,0.47240798832126785,21.34981345902586,78.82700031355785,4009849.054936537,4,56.75519994309059
2000,10,370.57293668469885,1804.537303325451,311.787516124373,0.56671069745907,24.222925741739875,78.73213442037066,4055266.598729169,5,52.80012382124127
2000,11,371.53236409353127,1810.1863981591368,311.8245665469601,0.4847783123326175,23.368057132411007,74.34856463932198,4011165.8221633947,5,52.520317368344465
2000,12,372.7051700094375,1821.2664536397874,311.7054886043261,0.5661414628714913,23.48511861134498,76.1275624700956,3998955.0713450457,6,51.4328492077592
2001,1,373.76305337072284,1822.142701621035,311.8418844978248,0.6226698530818588,22.5830135040017,75.9833418547927,4001565.1419689385,6,47.979673135097364
2001,2,373.79070011818146,1821.6497105040069,310.866828400681,0.7306925956709653,22.03457495833463,74.23235180751925,3965553.3756773397,6,48.70795712422478
2001,3,373.7513186810239,1821.2949655894363,312.23006804097446,0.6654693370930269,20.00876692546005,79.82587170285456,3931082.9394693864,6,52.43171761001708
2001,4,373.4364957445916,1810.610264326229,310.6304677929278,0.6758044527873621,19.683760422043303,80.07274456119012,3920730.055485519,5,54.349864053674565
2001,5,372.5202122307959,1809.5262650290279,310.29644411330196,0.6606623840142551,18.281961589945325,84.74493789653894,3910049.6922546118,5,57.54558872456296
2001,6,371.94680775385916,1801.4051938271477,310.5025120711647,0.5946147370942727,19.117290419363954,82.1443329497456,3961504.0770248673,4,59.810220422037126
2001,7,371.12045667651284,1803.6721015184544,310.54529339441416,0.5179793226169551,19.65014278139988,78.30148356994171,3996356.3313714555,4,61.32192279563988
2001,8,370.8953536611818,1803.1718046784054,310.82283731523415,0.51841968501898,22.696164135161403,81.01202099750697,4000532.796685576,4,59.75040906357363
2001,9,371.88244623535473,1808.459883187687,310.8718182127501,0.5540160356535238,22.661330263337373,79.78073712771332,4026807.595856069,5,61.00449902164185
2001,10,372.42595837909505,1816.5508075676478,312.07790373248065,0.467422865219565,24.70706110318634,76.45713430375089,4026862.736327558,5,59.13135502884307
2001,11,373.64524223624204,1815.2104566119483,313.24107155230496,0.5670163766839323,25.51089056849912,74.03614123380122,4004289.789781637,6,55.48552690694298
2001,12,374.5200552861196,1834.2612616111217,313.2086665481431,0.5803785746376567,25.2424841368951,72.83863738965793,3970979.025709601,6,53.864818265954185
2002,1,375.6124733347153,1821.0122888214391,313.30116908326886,0.7301536692388844,24.053586685273864,75.20199976258402,3960653.6890639,6,51.58448836520746
2002,2,376.2022296482657,1819.537975112908,311.97664067139885,0.635861255339924,22.72621579792212,79.45128144148624,3944415.268572153,6,54.153092627678284
2002,3,375.8727924952528,1828.5848817740077,311.31506522632105,0.7024886902451163,21.382160878522043,82.38701173334718,3902605.4370993813,6,55.99949151130913
2002,4,375.6307818173196,1822.4903144407226,311.3056393271746,0.7409146391483923,20.190401762818617,82.89608529372575,3954732.413809486,6,58.029555652271
2002,5,374.6093396800897,1817.2638551106566,311.0722847574281,0.7687444288864662,20.304659838391135,78.71764131803631,3939074.1038562483,5,62.13184373561535
2002,6,373.83230850059215,1814.1250110092792,311.4894001037351,0.6421974367791266,21.287068216974152,76.47369691644784,3964224.0020893486,5,63.14893190107809
2002,7,373.18840913238193,1810.0167917446204,310.2612320489727,0.5727416959061428,20.99308379345226,79.28868870037014,4002703.0908338763,5,65.50921072702674
2002,8,373.5549590015614,1807.3630039456575,312.27834604810914,0.6629737077424152,22.14270145941159,74.3204198094627,4012900.576074606,5,64.070594779614
2002,9,373.59330599983355,1816.3806820065347,311.9907270764676,0.488134422036044,24.415001826602925,76.23133360176665,4036455.334096916,5,63.94700709056757
2002,10,374.2662604166119,1818.2159697357456,312.43140460422325,0.469009001255435,27.04601879482641,72.65877603257626,4019028.048193155,6,61.800788704933865
2002,11,375.8029345409358,1832.2039145480474,312.5966827017216,0.6425692843755763,25.99617822197463,73.07174877428888,3984498.028145726,6,59.95360349947335
2002,12,376.56752515657877,1831.0907941780265,312.51120377441697,0.6504825730633059,27.05915636881781,69.7514374966486,3979169.0140509284,6,57.552146213356096
2003,1,377.769811561832,1829.941645597818,313.7188366472144,0.6795403658324276,26.189094299677357,74.83810591346209,3922365.937698888,7,56.99750119851292
2003,2,377.7948000687585,1832.0287448214244,313.07158307849295,0.8076390918404015,23.718345404861257,75.21625291581492,3925707.5159170306,7,58.47826296952336
2003,3,377.84404296416824,1832.8857405307283,311.9675627718641,0.8028254871935766,22.848760060051546,74.81140626852788,3911708.685056085,6,59.00404775877817
2003,4,377.601703424035,1823.740134059731,311.523668986477,0.7540507827546509,22.28211445312355,71.97336112031314,3910311.295289845,6,60.498547494953044
2003,5,376.88384969728327,1818.0589099004067,311.679205536923,0.6866536763875255,20.83716978742636,79.10780040247236,3926434.982493891,5,66.77045220637167
2003,6,375.9316098699995,1820.2284753732602,312.5794906924286,0.7493084851431042,21.284029914053715,82.26047327928578,3914169.894941234,5,68.87784113716994
2003,7,375.2923097615609,1819.3296143172413,311.78034427343255,0.6932124000350568,22.185002606908277,81.13751582218745,3965524.170434662,5,67.66572003244892
2003,8,375.13097158875235,1817.3413157790737,311.5646749971041,0.6241577299777376,23.524237961781118,75.56156952504634,3998053.0176928933,5,69.79334484997271
2003,9,375.30699000991837,1821.6732235403174,312.74953507899835,0.7130676357555605,25.338517456171967,73.45705842310447,4008549.595479335,5,67.48096239731187
2003,10,376.34052272393484,1830.788783832937,313.31115893960737,0.5856457296664526,26.348207370544543,74.5893411416055,3980691.928291335,6,66.25200810458917
2003,11,377.5529867675339,1828.1146500263148,312.5569671531652,0.6044929722229938,27.61907061801553,70.38415850360789,4010020.798676565,6,64.0358976328673
2003,12,379.0298072950274,1832.8155180664971,314.11416026237526,0.7011905496831954,27.058624728492877,73.54495907114605,3942575.312803252,7,61.70064326829454
2004,1,379.8034514639554,1838.503666328361,313.9944596754134,0.7885233747675093,26.671150226460934,74.86101033030845,3952589.472076572,7,60.3585860550196
2004,2,379.8408150256726,1840.595194123973,314.1857028625898,0.8445889108378895,24.42120508053986,78.03266136722876,3920040.07525967,7,60.975052672187005
2004,3,380.1811859310376,1840.402376940183,314.3396968544916,0.8387743175085214,23.933722014492556,75.86596983254753,3887408.604892834,7,62.537998006956556
2004,4,379.49200368398857,1841.9622937613412,313.5371664725669,0.8600581530135232,23.088694000290165,76.5039584993559,3937939.7165082223,7,65.28668031388268
2004,5,378.6074609444337,1834.4850658470916,312.5153291265749,0.7482925940078691,21.233879214560794,77.01015561192608,3893092.862308276,6,68.96706793853829
2004,6,378.02636043474035,1826.2371025188263,311.99439256069735,0.8380745178290809,22.776861756955107,75.56937753496518,3958149.825544123,5,70.79400499579009
2004,7,377.52832828574844,1826.0364562750271,313.9994954360236,0.7167954511138164,24.293690938045668,75.25335127815127,3984470.1811710764,5,73.65341271968856
2004,8,377.3841373149042,1822.890140685583,313.1485312759546,0.745181983642434,24.63080919570837,76.10392181792399,3970743.581709274,5,74.60426112648486
2004,9,377.44153986655806,1831.9626052412898,313.6820468422821,0.6980727221683836,27.703455800050243,74.12371345241625,4021161.639861409,6,71.41726185291458
2004,10,378.42933805365425,1836.211996804391,314.2381337662105,0.7221882978367704,28.373700386535113,70.01994171210418,3984204.367038611,6,70.24130331621488
2004,11,379.7180561712173,1844.9954203883347,314.80712844030415,0.7694582636771621,28.453536333933137,74.53184080398592,3978440.380665603,7,68.25473654057815
2004,12,381.0201808384188,1843.743438073461,314.8718030749565,0.8183720500744444,28.619740183119767,70.83801261479509,3953065.1127637024,7,66.42043126595154
2005,1,381.6455819216834,1852.719375858672,314.6257715223619,0.8831394824749826,28.037434104752844,71.91983130655028,3918474.019457362,7,65.23168491494349
2005,2,382.1629802246231,1857.352880300388,314.3668457948471,0.9590802337746975,26.4411689772743,72.06440766443005,3915672.219706168,7,66.42165406928439
2005,3,381.9017911055681,1846.3307942227516,314.2015177571952,0.9208628477827323,25.241673272534936,69.90984620691918,3904162.7917214897,7,67.94981680153985
2005,4,381.3364677784664,1844.620827139931,313.5048471575104,0.9381062399635551,23.41560610087244,78.35248469184967,3855422.7254120046,7,68.89421802620723
2005,5,380.9120394721844,1841.6742435424799,313.09602616579804,0.8665834493993511,23.519440825790983,77.95424696839389,3931012.270021704,6,73.91678021939833
2005,6,380.18196214589705,1833.0574486620571,313.4035462141984,0.8980928172942128,23.086989601505252,76.35035528425833,3894476.7685319455,6,76.41043374858899
2005,7,379.3144153201439,1835.2787555764355,313.3880025109725,0.7472840638268023,24.828256789061093,75.30572464538864,3973069.325117786,6,76.22145247621877
2005,8,379.40527683387006,1835.9925053655238,314.673594138523,0.8395648826048896,25.987689262248,75.0441891731602,3994649.954848095,6,77.16833073301792
2005,9,379.6883995394228,1840.5703072668389,313.15227287741334,0.7391292262136022,27.703418013262933,69.17149027296398,3959452.871476555,6,76.69402201351708
2005,10,380.3688455411142,1841.8169969325572,315.598625321011,0.6880125506694998,29.98625084738373,68.95564379792368,3968948.877792234,7,73.80596292252154
2005,11,381.730771569249,1851.5311343107817,316.13380424145333,0.8075757893074123,30.555710700035895,71.03281865920776,3938512.2809310234,7,72.84140740446264
2005,12,383.13936808949825,1858.3963401002927,314.7099637499986,0.8221347080961556,30.156207160328627,67.33521399333289,3931520.1216032393,8,72.32567941607303
2006,1,383.7409405246412,1865.4051171792842,315.5439343140461,0.9532361908273627,28.416127644082117,72.17098822025115,3902959.3748237942,8,68.38312154081382
2006,2,384.51972971432934,1862.5122957186438,315.25723041775376,0.9201920771992775,27.448975434647117,69.83786095610608,3903009.1311090947,8,68.3113049741923
2006,3,383.6057980427621,1865.6672631054364,314.3168141302285,0.9489282865332409,26.782857504227767,74.15000246063929,3902459.058453574,7,71.78476437088548
2006,4,383.74677856736827,1846.8022865678388,314.19032678456614,0.8683796844331739,25.150814732158498,74.77790230324653,3906266.9073133026,7,74.86682088008209
2006,5,382.7736326845639,1850.6118826203706,313.699836719688,0.9086555870475796,25.798438561690215,70.97129780649877,3881641.9708533105,6,76.8301357075857
2006,6,381.8576016333004,1844.007016903021,315.02914190734856,0.7650936590866124,25.194519147581346,77.13495956133299,3911502.0370385037,6,80.9897815010647
2006,7,381.35385846297777,1853.1340636863144,314.78600590154093,0.7621092066518008,26.18390775590688,72.34690909049702,3906709.5034072697,7,79.6595107070955
2006,8,380.8137454345822,1839.9148077876819,315.36005077701304,0.8477392626628848,27.489098228805567,70.89039689716566,3943958.3170023547,6,81.83668944702335
2006,9,381.5788269200565,1843.9100734160336,315.64126939891577,0.8406278005746821,29.341966814875377,71.0591715795865,3988529.098963544,7,79.41821012636854
2006,10,382.57598096954825,1850.7118384774574,315.29102159472546,0.8410248527609716,30.495982719514657,71.80129197934278,3997436.686243026,7,79.74803257472962
2006,11,383.96076022030627,1848.815860670781,316.0511770973489,0.8130224303017333,31.568123356009476,66.40023300603373,3923899.2630838794,8,77.77432263628614
2006,12,384.734795695761,1861.3043293885046,316.794021732101,0.9140023920591218,31.534002636198753,68.58935706349719,3911929.1232466917,8,73.20852826009173
2007,1,385.59309597509525,1862.3804916853833,315.9068897919246,0.9712245553197192,29.77330267409085,71.08433032657031,3896551.8115890664,8,72.63292836396162
2007,2,386.11313853766035,1866.4946663734418,316.6021256511221,0.955105710601091,28.14557656064205,73.24063465388424,3880979.009860836,9,74.56531539074727
2007,3,386.31951645033115,1864.6368865496072,315.7030828637927,1.1066080421786586,26.462219345612944,73.89066376494151,3848020.6793534844,8,75.1071930519125
2007,4,385.65483725163585,1868.0466344312013,315.1945003098711,1.0669255044055552,26.53796531672124,72.72797900511212,3874794.3182075215,7,78.1132250834451
2007,5,384.6569601933736,1859.02915448054,315.4132802118069,0.9804233632148714,25.291103866538855,73.05371569216369,3871368.4106641943,7,81.09976842839428
2007,6,384.026745553227,1848.23254444886,315.177813926664,0.9478325862641078,25.125428309334342,75.04685945675841,3903357.295316565,7,81.6302256079674
2007,7,383.36161078075094,1845.7197315163273,314.940359207342,0.9119241571197857,27.486185877853767,70.36953609817502,3939263.818432498,6,84.99765668714592
2007,8,383.4116771788196,1854.442650924833,316.10661371648234,0.7678324553307765,30.094169597549634,64.06312943546115,3948164.0299492334,7,84.46742097634896
2007,9,383.48903964205914,1849.5342724446768,315.5425772883785,0.8491795924124317,30.476174284640713,70.39694532367463,3948464.214711799,7,83.54432605114906
2007,10,384.44571498913706,1870.892851386792,316.9661908690905,0.8458534311681545,32.195476402857174,69.61239327931523,3950892.699914281,7,83.48566459841254
2007,11,385.59344874394225,1873.3592957487792,317.41266344475724,0.8714909058597693,32.45899707486539,62.81513805405094,3934778.8475581068,8,78.53867831526017
2007,12,386.552435713,1869.6139820892276,317.1972368171143,0.9625336141182441,32.21022002913231,65.77031856144782,3904338.054052843,8,78.80176796104445
2008,1,387.82070771429744,1865.63723820054,317.48369579277596,1.1214896775130447,31.82984902376513,69.40845949824526,3879863.871695638,9,76.9169004959598
2008,2,388.27238996402394,1880.5388151647305,316.42274523312756,1.1052667570203898,29.870069143253037,74.24492179617036,3895308.596315274,9,77.43934526169303
2008,3,388.14414768132997,1870.3821632973013,317.08793465775943,1.0630798464974822,28.718031567126967,71.32355584822385,3863391.004931478,8,80.29807352417512
2008,4,387.54885856623963,1872.8816176478322,316.0921352307086,1.1118871978409006,27.648831934289397,70.89516218325232,3848363.3571783924,8,82.51206552236764
2008,5,386.48652704892754,1854.3316528484809,315.59911430272996,1.1216400126319757,26.712755320730686,72.92145179705965,3882744.151916563,8,85.65837093149281
2008,6,385.84665196526197,1856.1469434652458,316.28286246912376,1.0529206473563408,27.901908158505265,74.84784467979111,3884929.817159746,7,88.53146135111933
2008,7,385.2803413307867,1858.2647792245027,315.5713460302644,0.9646872041147379,28.408430075167004,70.29964156658393,3939760.492444893,7,88.69356397647825
2008,8,385.0641816900794,1860.244713888967,315.6253937519027,0.8977730287630333,29.673810637013236,68.72780534968626,3943388.2946177125,7,88.55828994232678
2008,9,385.60388208171213,1861.9118669752268,316.10746995070076,0.9566502961154622,31.951478040122282,67.08303491551365,3943005.7558629815,7,86.96567627341244
2008,10,386.5987465530302,1872.8765630721005,317.7639036265754,0.959827581735453,32.53101040266226,65.56233238082031,3949999.100729739,8,85.22999999138617
2008,11,388.0557965180215,1870.1507488511027,317.27857372480923,1.0265322362522227,33.636186352202586,66.609154279787,3893088.4499215796,9,86.75765756126955
2008,12,388.88674322840353,1879.2747187774876,319.03208271304777,1.0685478877429613,33.459118735332204,69.79023818160692,3877162.7914930247,9,83.24662028145467
2009,1,389.81968270023975,1882.8311448573968,317.08234016299724,1.1442836558328564,33.11727194311346,67.52888660311861,3849121.1590417353,9,79.85816698650498
2009,2,390.21197868964543,1884.36840331704,318.69920579074943,1.1066635222753318,31.45656890971376,68.03872408603367,3854154.381021189,9,80.41002539986671
2009,3,389.7660597101524,1882.5396927668517,317.5341054670416,1.2177091681646592,29.775835308644865,69.64054215352404,3874782.7821830907,8,84.0029456162633
2009,4,389.5971621810355,1869.0960814816183,316.93890532827925,1.1533387079040338,29.100879558717953,67.77273882388873,3886858.8326835637,8,86.73265695159813
2009,5,388.7883362025365,1862.6599761416173,316.39069185486926,1.21563595333026,28.945917699987287,72.82030185430703,3869525.952075899,8,89.65001969601204
2009,6,388.43011841552277,1873.5589585423502,316.7606014986656,1.032430241202545,28.888805514839355,70.95552009113503,3889582.9626744906,7,91.32169882345417
2009,7,387.3171010043465,1867.9268866386526,316.70737610960765,1.1087045446733126,29.70509964136282,69.93394053145593,3868236.711230841,7,92.91279602608007
2009,8,387.29163557560116,1864.2941340902034,317.683950926377,1.0002160757177656,30.599778478511,75.78643665717873,3913101.8409998054,8,93.5117841274153
2009,9,387.635885833315,1879.9447100630784,317.745573947078,0.9493688991503814,32.354679664725815,68.24282615200556,3917355.989925637,8,92.15009773268497
2009,10,388.2908897373541,1878.3674424346702,318.33872511691783,0.9761596896579705,34.03164541930687,64.46477248050276,3916587.6764692464,8,87.849488075039
2009,11,389.9138128638931,1889.4120927711774,318.5396578802347,1.0259558787374412,34.52135305036481,64.62593175722411,3909102.9628119897,9,87.59214143180705
2009,12,391.00890323558525,1888.3509644624874,318.9288883954793,1.1181982638752799,34.574205960088,67.72268545830552,3878216.195538014,9,85.16391219287897
2010,1,391.93306797471456,1900.56016217609,319.0798813366695,1.1781484633649857,33.80666250057264,66.41987832050289,3821373.5291829365,9,85.39783069804292
2010,2,392.05167934505045,1898.5996692118051,317.7985689955604,1.1649409515527522,32.68807954837857,64.4353644949867,3854213.590469002,9,88.73112028563509
2010,3,392.4370617786101,1885.7635534868546,317.5571796076717,1.210822404166215,30.957112776914315,70.88134509223609,3806637.4878993286,9,87.90193914644053
2010,4,391.3287837067776,1887.6039025484222,318.1615695165101,1.310772914496328,30.139260608957333,68.52445121996469,3834977.6332626697,9,89.88524039446915
2010,5,390.9003505425191,1881.584182596064,317.551259702622,1.2584507371003535,29.487064510810114,74.25953104162498,3886206.4496628195,8,94.03631528909332
2010,6,390.3822500813984,1882.0404880733622,317.2717173585975,1.1489064844870462,28.82618045641291,73.33391567501639,3849138.247564609,8,96.07272043063848
2010,7,389.16415489548734,1869.4674551286969,317.538086012637,1.0840071973197813,30.434269012458174,68.67108719622432,3841611.981679705,8,97.47172270295621
2010,8,389.12475552442464,1879.4935799258212,318.1087664233339,1.0565227717768673,32.387666194751695,70.17436652871854,3906195.0987776197,8,97.80413312289302
2010,9,389.66944742348426,1885.5078284725564,318.2212558678766,1.0728163668639457,33.486402502769366,66.64930851828544,3943090.723884509,8,98.13412621764257
2010,10,390.4306191772655,1877.022127683933,318.67709745877,1.0094150219970874,35.688235514408724,66.01731183583573,3956131.4437394165,9,92.95127793888201
2010,11,391.38180457798757,1885.6260701403723,319.62206219917476,1.089305086172311,36.79549794554272,64.17396768904622,3875834.7135153725,9,92.3089510656151
2010,12,392.87891818721977,1885.8439670194791,319.2708504038166,1.0737614317576256,36.481085915355806,61.826200774662446,3885551.857777423,10,89.10231542357916
2011,1,393.5690898057714,1896.9361442323002,319.9327824153649,1.2321685139897958,34.8756294805854,63.837270854779675,3839613.1824755864,10,89.79150985189807
2011,2,394.33496428534704,1901.4374321314117,318.60503697505413,1.2861864176311393,34.3726096175516,67.68731201761072,3825096.284481304,10,88.840552697967
2011,3,393.97930703278683,1902.546915342573,319.5485257226717,1.2480814795606165,32.270709272471336,67.05974006331559,3868939.081575201,9,91.13046859378254
2011,4,393.92582976355027,1891.143277548592,318.8289117959895,1.3425594036265576,30.931480179411636,68.26122289410436,3788093.1556332796,9,93.91705809282504
2011,5,392.6330174285025,1894.5271364288376,318.3965174359992,1.1709859643415217,30.352139349561007,67.73761549174029,3837759.455718447,9,98.1037084328822
2011,6,391.886435616206,1876.3235788474685,318.6577301040309,1.1140722258891746,30.866692274272204,69.98050585691473,3864839.669052382,8,100.5218649137931
2011,7,391.53165456719813,1873.8019160876645,319.1642818536199,1.1535302832356908,31.91386167802336,72.21118816046294,3901893.324854154,8,99.8192887624794
2011,8,390.9985311702691,1883.8123399841886,319.2448361884464,1.1630767894678828,33.74893146172667,64.11600270976479,3901834.7125053755,8,101.26559456709862
2011,9,391.70169810059826,1890.162789135848,318.37337417764974,1.1865375216966392,35.375550242641275,64.67288867070424,3915192.4081953554,9,99.38138072448527
2011,10,392.79943182215584,1893.679107228421,319.2291369233876,1.0978111060098816,36.593807537413745,66.23063357341711,3897091.389527305,9,96.83703938995401
2011,11,393.3771295804993,1889.2319080563445,320.01440586806234,1.216308623611364,37.452604992170464,62.388112225338105,3893768.1104500587,10,95.63167986480069
2011,12,394.90882132717576,1903.6212835635586,320.5757579030139,1.2154658808727907,37.67104150482674,63.233702087672725,3856713.89402348,10,93.73359169152627
2012,1,395.840216070577,1899.7875867548414,320.7901611330265,1.2637766617588118,36.661141361697595,61.21407158200864,3849310.695629045,11,95.67609161832274
2012,2,396.4032993367862,1909.2248394494247,319.89613245588055,1.3582102864166572,34.0888109428281,66.7678032515872,3807782.9110672497,10,94.20557696123518
2012,3,395.9224907006687,1904.8948771654198,319.93000687153165,1.3650576154925775,32.12342835434572,67.50228311564518,3811554.08873364,10,94.1835958330548
2012,4,395.3584405231406,1894.1001605676993,319.01759717389064,1.2452411265091645,32.77119649851671,69.20026349284302,3805527.172148219,9,97.66075192931342
2012,5,394.9007453633038,1891.8414799671405,318.76541925263064,1.3663019338742548,31.17941471005019,71.1953573930793,3843165.533724735,9,102.1626529353883
2012,6,394.01693381730445,1885.9547743819412,318.2657296489183,1.3164962065033592,32.10955779449635,73.06956948954088,3842417.7973660394,9,105.70523116914201
2012,7,393.42573865700405,1890.0321886509173,318.67260359361745,1.171230226128537,32.72690695219071,68.43235939423643,3832676.8152119657,8,103.49240075310922
2012,8,393.32068263866597,1896.8925459340207,318.86448443841346,1.1907127199054668,33.96674650967533,66.684846123489,3913073.345670973,9,103.34411399738111
2012,9,393.5268901325725,1891.3405875123165,319.6085502521112,1.187243315334204,36.77000799414516,63.61876060900951,3878876.6176087568,9,105.97530368102764
2012,10,394.5911429739423,1904.3895693993234,321.1984218903437,1.1939896763408453,38.175875485414785,61.11779192896384,3879808.9003235,10,102.49853640442166
2012,11,395.763929685282,1904.9445863175247,320.6547912977785,1.1950599931438495,38.14989408486035,62.527073602063034,3864432.211965023,10,98.9937821097701
2012,12,396.73571323507474,1908.1292754526535,322.6815789956114,1.2440108048472447,36.984210599287536,62.42498658043441,3879026.3676175806,11,98.59008149252594
2013,1,398.168083377167,1913.8015383104357,321.5806661585167,1.3313309921026018,37.11725544777711,63.21966650476212,3782125.6397730857,11,94.62700531938175
2013,2,398.3483903098238,1908.7270209460205,321.154098009589,1.4328644094016127,36.23117530768074,66.40401976353517,3865889.954682058,11,97.78937056889305
2013,3,397.9383091066145,1908.3203952610424,320.2101201844868,1.419822148197949,33.86494651533606,64.12196835410467,3813093.083257653,10,99.90241243307352
2013,4,397.76053153069495,1900.8369258892346,320.54811916505605,1.3657306866503927,33.59972988071307,68.68002724154502,3798537.0729252375,10,103.1631739994436
2013,5,396.6081096793457,1912.2611960712486,319.586034826292,1.3912605208166982,33.059212512597824,69.5750176220819,3807506.5149177015,9,104.14075161408776
2013,6,396.121642766617,1899.4539156040873,319.8327406899494,1.165265176660804,33.71559962316965,66.04826332284819,3837116.6195556982,9,107.71585348409684
2013,7,395.61404816594705,1894.873712450163,321.2169380710916,1.3201473151189398,34.57576702735389,61.18052317462892,3866519.7793644257,9,108.16633736570901
2013,8,395.09394549630696,1901.2134897380286,320.2949723766436,1.1441375231910125,35.58521563595099,63.19914038986015,3888699.0935964305,9,109.49280006461589
2013,9,395.8622592659477,1903.734333348383,321.47379912702695,1.2046204278462314,38.301575758801434,64.29241333432078,3896063.219166814,10,107.22237010971423
2013,10,396.6339373831081,1908.7912446769108,321.1226883647611,1.1851731622146637,38.9210464966764,61.03321737872584,3882635.706942317,10,105.71419931431194
2013,11,397.8764161858318,1918.6934637624468,321.91467208223025,1.2180418459463962,39.62851039339516,58.372885142015015,3860358.5356604815,10,102.87963737327763
2013,12,399.2646310784215,1923.9079340170447,323.05346386629475,1.3958339815093943,39.017111143749815,59.97333901379375,3836472.0063018296,11,102.71996657464857
2014,1,399.7525398149482,1919.7109402249987,321.82319926446667,1.3694243044829004,38.372749924234014,63.30849012877509,3808900.8246663413,11,102.1345821014767
2014,2,400.10956545598066,1919.0508972077369,322.7705798120243,1.4517538214215013,36.79688532589243,64.29658181051033,3813770.2521669357,11,101.5647524187599
2014,3,400.0053558833406,1917.7401391548628,321.79585062758946,1.4504967804205893,35.72194264768783,63.800193153972785,3791802.947742685,11,103.62620718161187
2014,4,399.4727477151858,1903.3434653813438,320.71940642268873,1.4683141135121751,35.56791753882109,63.698433637549535,3723224.3881701045,10,104.80369037169362
2014,5,398.79431463471906,1902.8883709485167,320.9927331942229,1.4167173487336147,33.58493024364506,65.63155345826729,3809682.276681358,10,108.86834884479492
2014,6,398.03914520404254,1914.138725034294,321.0606885927243,1.3037433653792003,33.82318655235716,64.33199307864584,3823260.1281736563,9,111.59333963207315
2014,7,397.4443561732222,1914.6239344104752,321.0504763683501,1.3727230399690125,36.45557538482004,66.77517599411885,3843683.0218886565,9,115.72593300921997
2014,8,397.4302075729952,1906.9251658394185,320.36056555184496,1.2666360518681727,37.171101645742255,62.18425741583506,3855984.2790363873,9,112.13882720958881
2014,9,397.67887338168515,1915.2055142649588,321.33826946125595,1.2051140488797216,38.57276701656565,63.86155002508534,3895393.2504672008,10,113.5952715972511
2014,10,398.84877697636296,1919.4790993001375,322.1531928448326,1.2799515677939963,40.72427700481434,62.31835509903056,3887754.4887804054,10,111.13253685335937
2014,11,399.665761750396,1939.0437901573484,322.697625198213,1.418014578160478,40.543368271208124,61.453253525087796,3836807.6169308918,11,108.1694670989794
2014,12,401.43599527841934,1933.7450258768238,323.2810751825366,1.4405043981424641,41.6007633579863,57.5359960165776,3835598.3839381263,11,107.84082874344145
2015,1,401.9334398709125,1929.7506138584904,323.02820887911145,1.4355774267244232,40.13736736342583,60.67009281724739,3781325.721803305,11,105.6616143838483
2015,2,402.0955701407796,1925.179042060801,321.9993589389551,1.4771664110153653,38.199344356759454,61.752264430458716,3751462.3531545512,11,106.20191011080664
2015,3,401.97576923286414,1919.109921892176,322.43474917064896,1.4969617257000005,38.09108316220872,60.10151311633103,3755357.3350260044,11,107.5482264600557
2015,4,401.7390932184382,1923.8971452372007,322.108608268562,1.6085001402253822,35.61321921517467,65.03549934826854,3787239.8965317807,10,111.4892285951672
2015,5,400.7717313827474,1914.7093283859308,321.75910013394497,1.4921736956885008,35.84594187904182,61.79597853863858,3803586.6282790205,10,114.277872653034
2015,6,400.12040387110835,1908.219841001926,321.9174773159726,1.4495957278445033,35.983626919425205,66.39173185749792,3817586.9789019623,10,115.03124488804009
2015,7,399.49035450148165,1911.1929872745989,321.95920804980017,1.4346245405945688,37.57487424369906,61.49589116170416,3846518.9789752704,10,115.79927065001263
2015,8,399.25689410386735,1910.789361871971,322.1779435366887,1.363464007873885,39.26053246060803,61.141786851137645,3862038.0800611996,10,117.06119152438872
2015,9,399.5136032229066,1928.7851934778855,322.46943077872334,1.330191705417995,40.12731883835491,60.43925690473738,3848041.2303837575,10,115.34443372052242
2015,10,400.26178967920504,1930.35780316501,322.2491472811346,1.3517405022843643,41.03162910386963,58.45056094872221,3865402.2766521624,11,114.0855314316996
2015,11,401.6360790898409,1931.636278761332,323.75232660761367,1.3995971945543804,42.28017549047253,58.89321211247802,3856233.227012654,12,113.13964675559481
2015,12,403.0699301671768,1943.5736278669438,323.8772585626271,1.4563328681076184,41.5529141942632,57.49727849249175,3830503.031012643,12,109.63828453058093
2016,1,403.8578141133962,1938.803799206975,323.8778233825268,1.5495921795229863,42.00911142944593,59.733483165468556,3812496.99014436,12,109.26006345635128
2016,2,404.02454285953115,1933.6770791100046,322.83133241568424,1.5574272594179726,39.7155811043001,57.5924595352064,3781180.6596150873,12,109.88415157636851
2016,3,404.2312728808573,1942.784529732655,322.5067975602262,1.6098761510179695,38.03378165784633,62.21897750124649,3762880.5098893708,11,112.46315592169994
2016,4,403.72635117454604,1933.6011331291306,323.13256740787085,1.5608275809382322,37.21243020753521,66.66542779058136,3779354.8980711903,11,112.03214830518539
2016,5,402.64634141578307,1921.3316071935628,322.26210291833536,1.5372093514890488,36.00534442619873,61.99399292459012,3771953.568407253,11,116.58808105087923
2016,6,402.0150377566897,1922.406172012339,322.52051288716586,1.3883842801546655,36.55218698789305,62.092323071057244,3777647.643696198,11,119.88158379423717
2016,7,401.41403768346686,1918.0745162817304,322.35908174587524,1.4891274205244218,38.728223930898295,62.29959176841953,3816715.5901801707,10,122.33197472745968
2016,8,401.04955479004326,1917.3098590880643,322.7659071521066,1.4290496426137802,39.35534310068533,61.00382046319386,3824776.3276435076,10,120.78564764069958
2016,9,401.7612084018007,1933.0071288930237,323.77633112272497,1.453244987098334,40.79187465040748,59.90938554813964,3835327.1630094643,11,118.2812975052996
2016,10,402.68360499262656,1943.523443435456,323.6242809690682,1.2769458947252497,42.88067779323279,58.09769646706253,3841833.3185651093,11,118.78214537870251
2016,11,403.94868129210005,1932.7100599516623,324.3882534718021,1.567796661660441,43.84705487426089,57.42238806286265,3812336.5043088365,12,115.28022415850646
2016,12,405.11609978192973,1947.0155092087894,324.34495265997725,1.511415167421673,43.45526191239821,58.76413777151424,3797217.8400443266,12,112.91929745299875
2017,1,405.54615045418944,1943.1905006759707,324.32746143549724,1.6288205120743342,42.704455026511944,58.11518228734508,3738806.295596527,13,112.69191937437103
2017,2,406.0928145705012,1943.5746290506652,324.11779622714437,1.5630353376676522,40.47292927240042,59.04455541836249,3759240.3230392607,13,113.65498141032566
2017,3,406.3063327123395,1940.2336955779551,323.9610683015314,1.6640835113066401,38.70955047805789,62.63559692434757,3743835.5214665197,12,115.02335830137784
2017,4,405.7587338519934,1934.613384915151,323.16929225565696,1.5723933006812996,39.07477025850692,64.72499361128351,3729569.9869042337,11,116.08684950849232
2017,5,404.9328114034952,1934.7872019577621,323.71243414333475,1.5622898128347749,37.721581029468936,62.013151477765916,3773628.773181618,11,122.10522546895305
2017,6,404.7615279968423,1927.2298706735448,322.5351344726541,1.6441965509709313,38.11659087684727,59.934350513811445,3801996.4056940195,11,124.95855306965782
2017,7,403.523263005127,1931.8316475303961,323.0541623210137,1.4939775856474513,39.99612742577703,62.21803391279691,3775785.5983924028,10,125.79679568879371
2017,8,403.5119509408562,1931.999423048483,323.33383913850594,1.482797531374188,41.165918622797776,58.593319049295026,3812379.7511890484,11,124.15324234420237
2017,9,403.88714024564035,1935.2082567738762,324.8333537471981,1.50704853703611,42.74728740571568,52.90737350225625,3821407.7477339422,11,123.96973660381536
2017,10,404.70841530082475,1937.4652977757403,324.7832563067169,1.5067434269298854,44.89886596734611,56.79597738695473,3813885.4961779774,12,122.16929054392831
2017,11,405.67570615774764,1944.8457970207592,325.6587909383502,1.5310995405749046,44.136457059665744,54.79288656842641,3832734.2657882064,12,120.5277588633154
2017,12,407.0638221788322,1956.0043750073082,324.6359857030956,1.5968433678490639,44.763718699032715,55.05521473635896,3787460.414082387,13,118.7906825272286
2018,1,407.6738082480841,1956.9750553125446,325.48091026743225,1.753782819395693,43.438951123984,57.22500953715403,3759348.158330126,13,116.59546889172717
2018,2,408.23970482034696,1949.149235598339,325.51987327197475,1.6723503630685705,42.1896363340432,58.19136302551493,3702857.0678244024,13,117.93488025081649
2018,3,408.1129419125427,1951.7190825791386,324.69381899563655,1.703700437285581,41.3887034025615,60.030200231716584,3744479.6387841958,12,120.0987612969527
2018,4,407.6790404528989,1950.717030233252,324.74408233930563,1.737797467536684,39.78203468860042,59.34699257025989,3709086.4578492637,12,123.76161581415957
2018,5,407.2994225427794,1934.224323265274,323.62858744078204,1.7089552264137855,39.35608236634124,61.67012923001092,3749602.3786390326,11,125.92604373831205
2018,6,405.6242176234037,1942.1281780703425,324.4897874291409,1.668047167451932,39.98227443165612,59.498632213176045,3776752.407921388,11,128.48611264217604
2018,7,405.55302590427397,1935.1930004596106,325.0997227901882,1.595648885683399,40.353567368007475,61.12405359376753,3823109.833817291,11,129.24247825180498
2018,8,404.96898360179284,1943.1303627915372,324.1749609727075,1.4749763109749985,41.67221216235437,59.558522805671736,3789417.7049987256,11,130.7147650862521
2018,9,405.6086424829945,1940.6134570783386,324.6897891296052,1.6054173960130482,43.20095230059077,54.92817029532004,3764360.2178340075,11,128.5943688601438
2018,10,406.8026161331678,1941.0054614354685,326.21434674230426,1.484842731776642,44.03719987813399,58.134764354216074,3824320.4153159647,12,125.3281018754056
2018,11,407.7583049737055,1947.6186973370277,326.7353303267655,1.5989110374759985,46.6903331177524,52.2377399920195,3840114.8588005244,12,125.34571237030008
2018,12,408.7031683423583,1960.494599464329,325.9200114613218,1.6010821941211058,44.952207830057674,56.663907766504614,3804075.7301373677,13,122.83362323747096
2019,1,409.6920015123503,1963.795837735873,325.939967311234,1.6906057917004509,44.503831127668995,56.23074349913369,3756791.509682567,13,120.89997659579858
2019,2,410.4296770546926,1957.5421845496523,325.736841155017,1.751870092331745,43.12094692259353,60.55542043099671,3721061.4576206324,13,121.38676965342508
2019,3,410.07063025897577,1962.442139198722,324.7831273307659,1.7699140146186676,41.9821859161862,57.5708821190701,3735873.5963334925,13,123.95143436389962
2019,4,409.71264630614877,1946.679250157891,324.5546917638152,1.7665614543443886,41.139998794651675,58.16136761311193,3702360.5679729795,12,126.78235621370177
2019,5,408.8522941606362,1950.2677065304872,324.18783686774054,1.79456516211514,40.72118444892272,59.23997633930181,3745890.747641566,11,129.43220739053993
2019,6,407.87403955561155,1941.3830519624735,324.2038905117803,1.6915730361459331,40.35849542164317,59.03514501268828,3769274.1385662924,11,132.0217425546648
2019,7,407.8512516472748,1943.273694568172,324.7356068699695,1.6117052117137285,41.656496253812136,59.94338755007196,3805060.726271231,12,134.8719869248734
2019,8,407.4249995437051,1948.5411186579963,325.2761632044799,1.6405315839222616,43.437120349194444,53.33025843393238,3858747.1799800657,12,134.3892270197049
2019,9,407.3046893020316,1948.1544418874741,326.4904662219968,1.6434200127405465,44.80302471243594,53.08961044927135,3820558.6465147347,12,132.3886195818707
2019,10,408.62880583993893,1956.1338500704849,325.7911530686603,1.5409802795670475,47.02806433875841,50.8363298180832,3798424.018127477,12,131.14387829276808
2019,11,409.61978064014346,1968.8146294253586,327.24038103842275,1.6738499366028607,47.11173040652778,54.78888477741937,3791553.015147203,13,126.92319642306876
2019,12,411.0958929281141,1965.396471236249,326.8771226380699,1.7340552926339394,47.07526428386985,56.345962461294,3731875.151201532,13,126.54702494130015
2020,1,411.68324706972646,1974.702441640434,326.92800445024,1.739135202758422,46.14991195172201,53.641189611203046,3726663.9249760285,14,127.16570489308158
2020,2,412.277499179823,1964.4419892547292,327.0178187908149,1.864417981378473,45.050103879207086,54.61225267441289,3710668.398791747,14,125.66159465185336
2020,3,412.324390004326,1969.9249536472544,325.69666716078626,1.8065440433908486,43.12300672455993,57.017097601666435,3697209.2426627907,13,126.82060281656119
2020,4,411.8491945902771,1970.2214494253678,326.00789819543354,1.8119449082025225,41.287727592330526,61.036029012885855,3712838.4556284794,13,129.68046045626255
2020,5,410.60980947445495,1946.26663887593,325.5758089405074,1.765426676344335,41.69480505854558,56.45048867307327,3707875.0598275336,12,132.15866001398774
2020,6,409.94414834117526,1951.4804125367762,325.63669051162077,1.7298759423456285,41.528369071958146,58.94836889351142,3769545.2149501853,12,134.93904989951562
2020,7,409.3341627303883,1957.4449915959283,325.70020922090106,1.629299958029822,42.67976214775689,59.27063311180797,3771820.5356403533,12,136.8148993781284
2020,8,409.17423885593746,1955.315654224042,327.1893814934514,1.58052535027445,44.79302576125426,56.209162578625424,3791327.838999808,12,135.92549477471275
2020,9,410.06949763063005,1962.3389939335934,326.19902156874844,1.723872410351884,46.75052518917096,53.62863804402653,3794112.299061637,12,136.22698025097668
2020,10,410.6792002823879,1963.0634577108976,326.8275071968131,1.6202132718043019,47.439040717042865,54.563051468091416,3799666.970539542,13,135.11822281220861
2020,11,411.5066501054408,1972.2428701694937,327.2393251612563,1.6546109845338737,48.224672814934564,46.36886259906696,3796526.3329051314,14,131.0613420728708
2020,12,413.11566761377657,1975.5293002597473,327.5090540858868,1.65152781873453,48.76294624108898,52.592804397972834,3737873.9312058324,14,131.6817597414165
2021,1,414.27287142002615,1984.3896472412503,327.43671832669725,1.7822659594382675,47.14286128505901,51.54898734868614,3715355.7240370405,14,129.88056855829745
2021,2,414.5136284834373,1979.389383597366,328.0775928955696,1.789678819938838,46.96822188548104,49.37051232080604,3700739.3931992115,14,130.92359905929118
2021,3,413.9262075185498,1976.9907019208968,327.7709558808466,1.9563482496456146,44.51926414595027,56.5031410530997,3668733.458372754,14,131.02378011774954
2021,4,413.5858857000805,1968.980977344309,326.33399576075107,1.9163576088923984,42.25977556465696,60.48754152566895,3681366.0672141104,13,135.20045249834362
2021,5,413.1099399489141,1964.213586109047,325.879080635133,1.7998734191959633,43.075645271147955,56.64945769959666,3702758.90722502,13,136.16973707735622
2021,6,411.87620365843037,1961.3288537278731,326.4288482430942,1.9019194491300917,43.24864008922187,58.657109005184005,3752572.2514386857,12,140.62743723490124
2021,7,411.5246046414604,1964.5586475247599,326.082188962091,1.7934026556204827,44.79296024359956,58.43159627237773,3765027.487142764,12,141.37062474293336
2021,8,411.46652047634876,1962.2527146029986,327.0808729176579,1.6964869941250549,46.04044780543812,56.58938110172998,3783345.509870666,12,141.8976909402976
2021,9,411.53770965146884,1969.9588947040615,327.42202865658396,1.579377540343278,47.26616903938867,56.013760019354116,3805648.018855991,12,139.04914523782364
2021,10,412.59298783219407,1984.4871434905467,327.1378092020997,1.8373091367460765,48.020269188456574,53.46398579368721,3781775.5873151105,13,137.33425372256679
2021,11,413.1172623915047,1984.1923006021304,329.12732361041805,1.6949026475648301,49.169758057918486,50.9811092198847,3775793.5308310925,13,136.5797043976925
2021,12,414.7339066593094,1982.7043246287112,329.487407067299,1.7371280559631923,48.69059191959313,48.10547645661253,3741111.966682136,14,133.22750573997195
2022,1,415.80461551355575,1992.5835623966136,328.2516931303926,1.9255432373195456,47.93623634833878,51.571638675401324,3721785.167027274,14,133.84636068829042
2022,2,416.0642677581448,1984.1036583685952,328.0919094353321,2.038021598822498,47.165682908527565,51.14782390084005,3683118.606843249,15,132.5392585936283
2022,3,416.56325273573765,1973.1388217874744,328.0063120374984,2.003661801460643,46.27547495323662,58.06641048175901,3634834.3998974254,14,136.54316681068974
2022,4,415.40339320227235,1974.026686473177,327.5892728879036,1.9542628793242058,44.541506087072776,55.10672228806255,3683025.50738555,13,137.1267818829299
2022,5,414.77523778494805,1965.3244134771226,327.42720614330585,1.924219322434435,43.30504630750452,56.94136330606445,3728698.153638648,13,141.82734884185246
2022,6,414.05057463022206,1969.7608330996077,328.0009183195684,1.8921691056982128,44.484375608816976,56.61859514326396,3741568.642089999,13,144.37619859413212
2022,7,413.7307843768551,1970.705234561659,327.0725024557687,1.8424614796565624,45.95041298780743,54.136791904937475,3767044.076475284,13,144.51539151113167
2022,8,413.0311101986377,1980.766579421319,327.1679339717952,1.7869888033952759,46.60297905556987,56.787123025291635,3792156.192300176,13,145.93984421381893
2022,9,413.96241745942615,1978.171413141243,327.4335831174354,1.7697585501808715,48.47240182597052,50.28229945056057,3778363.0776525955,13,144.49856003320346
2022,10,414.61362847882106,1981.0413927061181,328.3328918249116,1.7798330206178845,49.843775781892276,50.54543912858221,3776429.203451946,14,141.70385963507204
2022,11,415.57590309251964,1992.0104608437323,329.1396831086004,1.7868837103559971,50.08583390794681,48.4292249206571,3743591.0621445635,14,138.9872994217843
2022,12,417.03789384563964,1981.3055215973538,330.2894227477944,1.8655649083640191,50.64400574154614,46.71594923601245,3724814.810840981,15,136.22660597894497
2023,1,417.90163004615977,1995.7823214291793,329.101957411401,1.8499675439056154,49.37003737686368,49.406424441325754,3716753.20925544,15,137.7461823699124
2023,2,418.20046998231675,1998.0251170559804,329.2003297764038,1.971317666062118,48.285173306197194,51.64075309970598,3706811.3349595927,14,136.3549715551479
2023,3,418.25741985516004,1983.9632690873073,328.65784347938387,1.9452192740738923,46.200789990086285,52.94060556087919,3668781.68377007,14,139.80371472388578
2023,4,417.6190477217028,1992.8126440966416,328.81891671491843,1.9310886263571203,45.329454549926,53.28570349032629,3664667.171552984,14,142.10923490803756
2023,5,416.89263911454844,1984.3976109725668,329.16407580519046,1.9636769818051656,45.468191895362416,51.71917317729392,3688213.616314517,13,145.96756960603255
2023,6,416.1635416128798,1977.468716803153,327.53305724900935,1.9792991109727485,45.27967107658745,54.55411777815516,3723028.335244485,13,147.4619000874177
2023,7,415.76642204548165,1981.8038078490854,327.7189319335409,1.9106315493636608,47.41959254802774,49.57096670391026,3706818.8966815257,13,148.89609346963556
2023,8,415.0774084923189,1991.7646130018074,328.89183861788325,1.7546048709119693,47.91206579284868,53.608046134530525,3709469.8250220427,13,150.10306627744393
2023,9,416.1630803471371,1985.4728634005576,329.2668640615401,1.7752677570510818,49.855766150109346,50.30911335575966,3753539.055064271,13,148.58655372537544
2023,10,416.22785326992334,1991.404754134507,330.42438609303485,1.8902019053085923,51.50674047839064,45.5781565226795,3736028.5070062866,14,146.57223537486897
2023,11,417.74853676693283,1993.5933842929564,330.25088627298453,1.8356582390187366,50.97311357594783,48.408468269952444,3733741.16232104,14,144.47849962209045
2023,12,419.06982555529464,1996.1387321479122,330.0151733559262,1.9285676736038277,50.64347449656024,47.8522126922586,3716140.527805908,15,140.66703747383184
2024,1,419.9247054438028,2006.7826835742007,330.4587660615495,2.0223186584629333,49.87169667180895,50.766652349029414,3683332.6843002927,15,142.16669892902107
2024,2,420.20266241699505,1997.9171278098443,330.4454631761601,1.9880180935549947,49.910712513883695,52.770188378162594,3699742.863126367,15,142.54562104694494
2024,3,420.20852395130123,1999.7407873551463,329.87897160330317,2.0601182736350574,47.57262038396753,48.67703467674098,3666065.3707964723,14,142.70506532228939
2024,4,419.6041992173541,1992.732342499624,329.2810326790323,1.9797674863683197,48.03129672084826,52.19875543744657,3667640.3102629646,14,146.141980576867
2024,5,418.75875165732003,1993.1267839166696,329.23662252233254,1.9848145609462522,46.02889079504626,53.65084361382046,3688607.066238989,14,149.2624974693881
2024,6,418.2077248605905,1989.2402227519342,329.18581501597663,1.9858887622589663,46.76237668215826,54.58030347074267,3676187.404131023,13,151.64282672892722
2024,7,417.5273107426563,1991.8543540926862,329.45740673560306,1.8452667012832829,48.53117897662139,51.89521427985399,3744438.0949733383,13,153.5727791489726
2024,8,417.1930786362429,1985.8878225713545,329.49678870842786,1.915354306887469,50.318943707661965,48.177117628860394,3741838.0245748134,13,154.8159402814082
2024,9,417.92308261050323,1991.240913301641,329.64503486185276,1.8839679428295857,51.978188953478025,47.38370317518874,3765919.270619663,14,153.34664035038554
2024,10,418.68641969721386,1993.2965884769364,330.3770648586678,1.9309885125263602,52.84864155567709,45.55930673071593,3726965.4770845026,14,148.9572381506762
2024,11,419.94815517291846,2001.69547834312,331.3648522488601,1.9561789842952064,53.39834108324649,48.7536731939507,3700788.657174401,15,148.64467994900937
2024,12,421.0847768455931,2010.3012123133033,330.58902715111043,2.0682070214986923,53.02415575507764,47.018467542266244,3723413.793563494,15,147.54492084299577
